{"cameraMode":{"drawMode":0,"name":"Shaded","section":"Shading Mode"},"sceneLighting":true,"audioPlay":false,"sceneViewState":{"m_AlwaysRefresh":false,"showFog":true,"showSkybox":true,"showFlares":true,"showImageEffects":true,"showParticleSystems":true,"showVisualEffectGraphs":true,"m_FxEnabled":true},"in2DMode":false,"pivot":{"x":32.84608840942383,"y":30.877914428710939,"z":-0.02137194573879242},"rotation":{"x":0.050063956528902057,"y":-0.937894344329834,"z":0.1527017503976822,"w":0.3074774146080017},"size":44.126747131347659,"orthographic":true}